[
  {
    "userId": 1,
    "landmark": "Near City Mall",
    "street": "MG Road",
    "city": "Pune",
    "district": "Pune",
    "state": "Maharashtra",
    "country": "India",
    "pincode": "411001"
  },
  {
    "userId": 2,
    "landmark": "Opp. SBI Bank",
    "street": "Church Street",
    "city": "Bangalore",
    "district": "Bangalore Urban",
    "state": "Karnataka",
    "country": "India",
    "pincode": "560001"
  },
  {
    "userId": 3,
    "landmark": "Near Central Park",
    "street": "Ashok Nagar",
    "city": "Chennai",
    "district": "Chennai",
    "state": "Tamil Nadu",
    "country": "India",
    "pincode": "600001"
  },
  {
    "userId": 4,
    "landmark": null,
    "street": "Sector 18",
    "city": "Noida",
    "district": "Gautam Buddha Nagar",
    "state": "Uttar Pradesh",
    "country": "India",
    "pincode": "201301"
  },
  {
    "userId": 5,
    "landmark": "Near Hanuman Mandir",
    "street": "Karol Bagh",
    "city": "New Delhi",
    "district": "Central Delhi",
    "state": "Delhi",
    "country": "India",
    "pincode": "110005"
  },
  {
    "userId": 6,
    "landmark": "Opp. Metro Station",
    "street": "Salt Lake Sector V",
    "city": "Kolkata",
    "district": "North 24 Parganas",
    "state": "West Bengal",
    "country": "India",
    "pincode": "700091"
  },
  {
    "userId": 7,
    "landmark": "Near Civil Hospital",
    "street": "Dumas Road",
    "city": "Surat",
    "district": "Surat",
    "state": "Gujarat",
    "country": "India",
    "pincode": "395007"
  },
  {
    "userId": 8,
    "landmark": null,
    "street": "Baner Road",
    "city": "Pune",
    "district": "Pune",
    "state": "Maharashtra",
    "country": "India",
    "pincode": "411045"
  },
  {
    "userId": 9,
    "landmark": "Near AIIMS",
    "street": "Ansari Nagar",
    "city": "New Delhi",
    "district": "South Delhi",
    "state": "Delhi",
    "country": "India",
    "pincode": "110029"
  },
  {
    "userId": 10,
    "landmark": "Opp. Big Bazaar",
    "street": "Civil Lines",
    "city": "Kanpur",
    "district": "Kanpur Nagar",
    "state": "Uttar Pradesh",
    "country": "India",
    "pincode": "208001"
  },
  {
    "userId": 11,
    "landmark": "Near Laxmi Talkies",
    "street": "Ravi Nagar",
    "city": "Nagpur",
    "district": "Nagpur",
    "state": "Maharashtra",
    "country": "India",
    "pincode": "440001"
  },
  {
    "userId": 12,
    "landmark": "Behind City Center",
    "street": "Hazratganj",
    "city": "Lucknow",
    "district": "Lucknow",
    "state": "Uttar Pradesh",
    "country": "India",
    "pincode": "226001"
  },
  {
    "userId": 13,
    "landmark": null,
    "street": "Anna Salai",
    "city": "Chennai",
    "district": "Chennai",
    "state": "Tamil Nadu",
    "country": "India",
    "pincode": "600002"
  },
  {
    "userId": 14,
    "landmark": "Next to Phoenix Mall",
    "street": "Whitefield",
    "city": "Bangalore",
    "district": "Bangalore Urban",
    "state": "Karnataka",
    "country": "India",
    "pincode": "560066"
  },
  {
    "userId": 15,
    "landmark": "Near City Post Office",
    "street": "Kothrud",
    "city": "Pune",
    "district": "Pune",
    "state": "Maharashtra",
    "country": "India",
    "pincode": "411038"
  },
  {
    "userId": 16,
    "landmark": null,
    "street": "GT Road",
    "city": "Amritsar",
    "district": "Amritsar",
    "state": "Punjab",
    "country": "India",
    "pincode": "143001"
  },
  {
    "userId": 17,
    "landmark": "Opp. Railway Station",
    "street": "Station Road",
    "city": "Jaipur",
    "district": "Jaipur",
    "state": "Rajasthan",
    "country": "India",
    "pincode": "302001"
  },
  {
    "userId": 18,
    "landmark": "Near Bus Depot",
    "street": "MG Marg",
    "city": "Gangtok",
    "district": "East Sikkim",
    "state": "Sikkim",
    "country": "India",
    "pincode": "737101"
  },
  {
    "userId": 19,
    "landmark": null,
    "street": "Sadar Bazaar",
    "city": "Agra",
    "district": "Agra",
    "state": "Uttar Pradesh",
    "country": "India",
    "pincode": "282001"
  },
  {
    "userId": 20,
    "landmark": "Opp. Police Station",
    "street": "RK Beach Road",
    "city": "Visakhapatnam",
    "district": "Visakhapatnam",
    "state": "Andhra Pradesh",
    "country": "India",
    "pincode": "530001"
  }
]
